,Window,1
0,1,1.5864281548394097
1,5,1.4754425048828126
2,10,1.508316887749566
3,20,1.2907560560438367
